task_type	task_name	url	description	tag	external_id
/soccer/football_player	Benedikt Saller	http://www.transfermarkt.co.uk/1-bundesliga/letztetransfers/wettbewerb/L1/plus/1/page/14/Benedikt_Saller	*Find or create each transaction and curateas per guidelines* Player Name: Benedikt Saller # From Team: 1.FSV Mainz 05 # To Team: 1.FSV Mainz 05 II # Transaction Date: 2016-07-01 # URL: http://www.transfermarkt.co.uk/1-bundesliga/letztetransfers/wettbewerb/L1/plus/1/page/14/Benedikt_Saller	SPLGROSTGerFeb01	20150701#Benedikt Saller#1.FSV Mainz 05#1.FSV Mainz 05 II
/soccer/football_player	Charlison Benschop	http://www.transfermarkt.co.uk/1-bundesliga/letztetransfers/wettbewerb/L1/plus/1/page/14/Charlison_Benschop	*Find or create each transaction and curateas per guidelines* Player Name: Charlison Benschop # From Team: Fortuna Düsseldorf # To Team: Hannover 96 # Transaction Date: 2016-07-01 # URL: http://www.transfermarkt.co.uk/1-bundesliga/letztetransfers/wettbewerb/L1/plus/1/page/14/Charlison_Benschop	SPLGROSTGerFeb01	20150701#Charlison Benschop#Fortuna Düsseldorf#Hannover 96
/soccer/football_player	Christian Pander	http://www.transfermarkt.co.uk/1-bundesliga/letztetransfers/wettbewerb/L1/plus/1/page/14/Christian_Pander	*Find or create each transaction and curateas per guidelines* Player Name: Christian Pander # From Team: Hannover 96 # To Team: Unattached # Transaction Date: 2016-07-01 # URL: http://www.transfermarkt.co.uk/1-bundesliga/letztetransfers/wettbewerb/L1/plus/1/page/14/Christian_Pander	SPLGROSTGerFeb01	20150701#Christian Pander#Hannover 96#Unattached
/soccer/football_player	Danny Latza	http://www.transfermarkt.co.uk/1-bundesliga/letztetransfers/wettbewerb/L1/plus/1/page/14/Danny_Latza	*Find or create each transaction and curateas per guidelines* Player Name: Danny Latza # From Team: VfL Bochum # To Team: 1.FSV Mainz 05 # Transaction Date: 2016-07-01 # URL: http://www.transfermarkt.co.uk/1-bundesliga/letztetransfers/wettbewerb/L1/plus/1/page/14/Danny_Latza	SPLGROSTGerFeb01	20150701#Danny Latza#VfL Bochum#1.FSV Mainz 05
/soccer/football_player	Didier Ya Konan	http://www.transfermarkt.co.uk/1-bundesliga/letztetransfers/wettbewerb/L1/plus/1/page/14/Didier_Ya_Konan	*Find or create each transaction and curateas per guidelines* Player Name: Didier Ya Konan # From Team: Hannover 96 # To Team: Fortuna Düsseldorf # Transaction Date: 2016-07-01 # URL: http://www.transfermarkt.co.uk/1-bundesliga/letztetransfers/wettbewerb/L1/plus/1/page/14/Didier_Ya_Konan	SPLGROSTGerFeb01	20150701#Didier Ya Konan#Hannover 96#Fortuna Düsseldorf
/soccer/football_player	Felix Klaus	http://www.transfermarkt.co.uk/1-bundesliga/letztetransfers/wettbewerb/L1/plus/1/page/14/Felix_Klaus	*Find or create each transaction and curateas per guidelines* Player Name: Felix Klaus # From Team: SC Freiburg # To Team: Hannover 96 # Transaction Date: 2016-07-01 # URL: http://www.transfermarkt.co.uk/1-bundesliga/letztetransfers/wettbewerb/L1/plus/1/page/14/Felix_Klaus	SPLGROSTGerFeb01	20150701#Felix Klaus#SC Freiburg#Hannover 96
/soccer/football_player	Finn Porath	http://www.transfermarkt.co.uk/1-bundesliga/letztetransfers/wettbewerb/L1/plus/1/page/14/Finn_Porath	*Find or create each transaction and curateas per guidelines* Player Name: Finn Porath # From Team: Hamburger SV U19 # To Team: Hamburger SV # Transaction Date: 2016-07-01 # URL: http://www.transfermarkt.co.uk/1-bundesliga/letztetransfers/wettbewerb/L1/plus/1/page/14/Finn_Porath	SPLGROSTGerFeb01	20150701#Finn Porath#Hamburger SV U19#Hamburger SV
/soccer/football_player	Florian Niederlechner	http://www.transfermarkt.co.uk/1-bundesliga/letztetransfers/wettbewerb/L1/plus/1/page/14/Florian_Niederlechner	*Find or create each transaction and curateas per guidelines* Player Name: Florian Niederlechner # From Team: 1.FC Heidenheim 1846 # To Team: 1.FSV Mainz 05 # Transaction Date: 2016-07-01 # URL: http://www.transfermarkt.co.uk/1-bundesliga/letztetransfers/wettbewerb/L1/plus/1/page/14/Florian_Niederlechner	SPLGROSTGerFeb01	20150701#Florian Niederlechner#1.FC Heidenheim 1846#1.FSV Mainz 05
/soccer/football_player	Jan Schlaudraff	http://www.transfermarkt.co.uk/1-bundesliga/letztetransfers/wettbewerb/L1/plus/1/page/14/Jan_Schlaudraff	*Find or create each transaction and curateas per guidelines* Player Name: Jan Schlaudraff # From Team: Hannover 96 # To Team: End of career # Transaction Date: 2016-07-01 # URL: http://www.transfermarkt.co.uk/1-bundesliga/letztetransfers/wettbewerb/L1/plus/1/page/14/Jan_Schlaudraff	SPLGROSTGerFeb01	20150701#Jan Schlaudraff#Hannover 96#End of career
/soccer/football_player	Jannik Huth	http://www.transfermarkt.co.uk/1-bundesliga/letztetransfers/wettbewerb/L1/plus/1/page/14/Jannik_Huth	*Find or create each transaction and curateas per guidelines* Player Name: Jannik Huth # From Team: 1.FSV Mainz 05 II # To Team: 1.FSV Mainz 05 # Transaction Date: 2016-07-01 # URL: http://www.transfermarkt.co.uk/1-bundesliga/letztetransfers/wettbewerb/L1/plus/1/page/14/Jannik_Huth	SPLGROSTGerFeb01	20150701#Jannik Huth#1.FSV Mainz 05 II#1.FSV Mainz 05
/soccer/football_player	Joselu	http://www.transfermarkt.co.uk/1-bundesliga/letztetransfers/wettbewerb/L1/plus/1/page/14/Joselu	*Find or create each transaction and curateas per guidelines* Player Name: Joselu # From Team: Hannover 96 # To Team: Stoke City # Transaction Date: 2016-07-01 # URL: http://www.transfermarkt.co.uk/1-bundesliga/letztetransfers/wettbewerb/L1/plus/1/page/14/Joselu	SPLGROSTGerFeb01	20150701#Joselu#Hannover 96#Stoke City
/soccer/football_player	Lasse Sobiech	http://www.transfermarkt.co.uk/1-bundesliga/letztetransfers/wettbewerb/L1/plus/1/page/14/Lasse_Sobiech	*Find or create each transaction and curateas per guidelines* Player Name: Lasse Sobiech # From Team: Hamburger SV # To Team: FC St. Pauli # Transaction Date: 2016-07-01 # URL: http://www.transfermarkt.co.uk/1-bundesliga/letztetransfers/wettbewerb/L1/plus/1/page/14/Lasse_Sobiech	SPLGROSTGerFeb01	20150701#Lasse Sobiech#Hamburger SV#FC St. Pauli
/soccer/football_player	Leon Balogun	http://www.transfermarkt.co.uk/1-bundesliga/letztetransfers/wettbewerb/L1/plus/1/page/14/Leon_Balogun	*Find or create each transaction and curateas per guidelines* Player Name: Leon Balogun # From Team: SV Darmstadt 98 # To Team: 1.FSV Mainz 05 # Transaction Date: 2016-07-01 # URL: http://www.transfermarkt.co.uk/1-bundesliga/letztetransfers/wettbewerb/L1/plus/1/page/14/Leon_Balogun	SPLGROSTGerFeb01	20150701#Leon Balogun#SV Darmstadt 98#1.FSV Mainz 05
/soccer/football_player	Lewis Holtby	http://www.transfermarkt.co.uk/1-bundesliga/letztetransfers/wettbewerb/L1/plus/1/page/14/Lewis_Holtby	*Find or create each transaction and curateas per guidelines* Player Name: Lewis Holtby # From Team: Tottenham Hotspur # To Team: Hamburger SV # Transaction Date: 2016-07-01 # URL: http://www.transfermarkt.co.uk/1-bundesliga/letztetransfers/wettbewerb/L1/plus/1/page/14/Lewis_Holtby	SPLGROSTGerFeb01	20150701#Lewis Holtby#Tottenham Hotspur#Hamburger SV
/soccer/football_player	Markus Miller	http://www.transfermarkt.co.uk/1-bundesliga/letztetransfers/wettbewerb/L1/plus/1/page/14/Markus_Miller	*Find or create each transaction and curateas per guidelines* Player Name: Markus Miller # From Team: Hannover 96 # To Team: End of career # Transaction Date: 2016-07-01 # URL: http://www.transfermarkt.co.uk/1-bundesliga/letztetransfers/wettbewerb/L1/plus/1/page/14/Markus_Miller	SPLGROSTGerFeb01	20150701#Markus Miller#Hannover 96#End of career
/soccer/football_player	Maximilian Beister	http://www.transfermarkt.co.uk/1-bundesliga/letztetransfers/wettbewerb/L1/plus/1/page/14/Maximilian_Beister	*Find or create each transaction and curateas per guidelines* Player Name: Maximilian Beister # From Team: Hamburger SV # To Team: 1.FSV Mainz 05 # Transaction Date: 2016-07-01 # URL: http://www.transfermarkt.co.uk/1-bundesliga/letztetransfers/wettbewerb/L1/plus/1/page/14/Maximilian_Beister	SPLGROSTGerFeb01	20150701#Maximilian Beister#Hamburger SV#1.FSV Mainz 05
/soccer/football_player	Mohamed Gouaida	http://www.transfermarkt.co.uk/1-bundesliga/letztetransfers/wettbewerb/L1/plus/1/page/14/Mohamed_Gouaida	*Find or create each transaction and curateas per guidelines* Player Name: Mohamed Gouaida # From Team: Hamburger SV II # To Team: Hamburger SV # Transaction Date: 2016-07-01 # URL: http://www.transfermarkt.co.uk/1-bundesliga/letztetransfers/wettbewerb/L1/plus/1/page/14/Mohamed_Gouaida	SPLGROSTGerFeb01	20150701#Mohamed Gouaida#Hamburger SV II#Hamburger SV
/soccer/football_player	Philipp Tschauner	http://www.transfermarkt.co.uk/1-bundesliga/letztetransfers/wettbewerb/L1/plus/1/page/14/Philipp_Tschauner	*Find or create each transaction and curateas per guidelines* Player Name: Philipp Tschauner # From Team: FC St. Pauli # To Team: Hannover 96 # Transaction Date: 2016-07-01 # URL: http://www.transfermarkt.co.uk/1-bundesliga/letztetransfers/wettbewerb/L1/plus/1/page/14/Philipp_Tschauner	SPLGROSTGerFeb01	20150701#Philipp Tschauner#FC St. Pauli#Hannover 96
/soccer/football_player	Rafael van der Vaart	http://www.transfermarkt.co.uk/1-bundesliga/letztetransfers/wettbewerb/L1/plus/1/page/14/Rafael_van_der_Vaart	*Find or create each transaction and curateas per guidelines* Player Name: Rafael van der Vaart # From Team: Hamburger SV # To Team: Real Betis Balompié # Transaction Date: 2016-07-01 # URL: http://www.transfermarkt.co.uk/1-bundesliga/letztetransfers/wettbewerb/L1/plus/1/page/14/Rafael_van_der_Vaart	SPLGROSTGerFeb01	20150701#Rafael van der Vaart#Hamburger SV#Real Betis Balompié
/soccer/football_player	Robert Almer	http://www.transfermarkt.co.uk/1-bundesliga/letztetransfers/wettbewerb/L1/plus/1/page/14/Robert_Almer	*Find or create each transaction and curateas per guidelines* Player Name: Robert Almer # From Team: Hannover 96 # To Team: Austria Vienna # Transaction Date: 2016-07-01 # URL: http://www.transfermarkt.co.uk/1-bundesliga/letztetransfers/wettbewerb/L1/plus/1/page/14/Robert_Almer	SPLGROSTGerFeb01	20150701#Robert Almer#Hannover 96#Austria Vienna
/soccer/football_player	Ronny Marcos	http://www.transfermarkt.co.uk/1-bundesliga/letztetransfers/wettbewerb/L1/plus/1/page/14/Ronny_Marcos	*Find or create each transaction and curateas per guidelines* Player Name: Ronny Marcos # From Team: Hamburger SV II # To Team: Hamburger SV # Transaction Date: 2016-07-01 # URL: http://www.transfermarkt.co.uk/1-bundesliga/letztetransfers/wettbewerb/L1/plus/1/page/14/Ronny_Marcos	SPLGROSTGerFeb01	20150701#Ronny Marcos#Hamburger SV II#Hamburger SV
/soccer/football_player	Shinji Okazaki	http://www.transfermarkt.co.uk/1-bundesliga/letztetransfers/wettbewerb/L1/plus/1/page/14/Shinji_Okazaki	*Find or create each transaction and curateas per guidelines* Player Name: Shinji Okazaki # From Team: 1.FSV Mainz 05 # To Team: Leicester City # Transaction Date: 2016-07-01 # URL: http://www.transfermarkt.co.uk/1-bundesliga/letztetransfers/wettbewerb/L1/plus/1/page/14/Shinji_Okazaki	SPLGROSTGerFeb01	20150701#Shinji Okazaki#1.FSV Mainz 05#Leicester City
/soccer/football_player	Slobodan Rajkovic	http://www.transfermarkt.co.uk/1-bundesliga/letztetransfers/wettbewerb/L1/plus/1/page/14/Slobodan_Rajkovic	*Find or create each transaction and curateas per guidelines* Player Name: Slobodan Rajkovic # From Team: Hamburger SV # To Team: Unattached # Transaction Date: 2016-07-01 # URL: http://www.transfermarkt.co.uk/1-bundesliga/letztetransfers/wettbewerb/L1/plus/1/page/14/Slobodan_Rajkovic	SPLGROSTGerFeb01	20150701#Slobodan Rajkovic#Hamburger SV#Unattached
/soccer/football_player	Yannik Schulze	http://www.transfermarkt.co.uk/1-bundesliga/letztetransfers/wettbewerb/L1/plus/1/page/14/Yannik_Schulze	*Find or create each transaction and curateas per guidelines* Player Name: Yannik Schulze # From Team: Hannover 96 # To Team: Unattached # Transaction Date: 2016-07-01 # URL: http://www.transfermarkt.co.uk/1-bundesliga/letztetransfers/wettbewerb/L1/plus/1/page/14/Yannik_Schulze	SPLGROSTGerFeb01	20150701#Yannik Schulze#Hannover 96#Unattached
/soccer/football_player	Yoshinori Muto	http://www.transfermarkt.co.uk/1-bundesliga/letztetransfers/wettbewerb/L1/plus/1/page/14/Yoshinori_Muto	*Find or create each transaction and curateas per guidelines* Player Name: Yoshinori Muto # From Team: FC Tokyo # To Team: 1.FSV Mainz 05 # Transaction Date: 2016-07-01 # URL: http://www.transfermarkt.co.uk/1-bundesliga/letztetransfers/wettbewerb/L1/plus/1/page/14/Yoshinori_Muto	SPLGROSTGerFeb01	20150701#Yoshinori Muto#FC Tokyo#1.FSV Mainz 05
